/*
 Navicat Premium Data Transfer

 Source Server         : Mysql_本地
 Source Server Type    : MySQL
 Source Server Version : 80019
 Source Host           : localhost:3306
 Source Schema         : hzyadminspa

 Target Server Type    : MySQL
 Target Server Version : 80019
 File Encoding         : 65001

 Date: 22/05/2021 11:35:13
*/

SET NAMES utf8mb4;
SET FOREIGN_KEY_CHECKS = 0;

-- ----------------------------
-- Table structure for member
-- ----------------------------
DROP TABLE IF EXISTS `member`;
CREATE TABLE `member`  (
  `Id` varchar(36) CHARACTER SET utf8 COLLATE utf8_general_ci NOT NULL,
  `Number` varchar(255) CHARACTER SET utf8 COLLATE utf8_general_ci NOT NULL,
  `Name` varchar(255) CHARACTER SET utf8 COLLATE utf8_general_ci NULL DEFAULT NULL,
  `Phone` varchar(255) CHARACTER SET utf8 COLLATE utf8_general_ci NULL DEFAULT NULL,
  `Sex` varchar(255) CHARACTER SET utf8 COLLATE utf8_general_ci NULL DEFAULT NULL,
  `Birthday` timestamp(0) NULL DEFAULT NULL,
  `Photo` varchar(255) CHARACTER SET utf8 COLLATE utf8_general_ci NULL DEFAULT NULL,
  `Introduce` varchar(255) CHARACTER SET utf8 COLLATE utf8_general_ci NULL DEFAULT NULL,
  `FilePath` varchar(255) CHARACTER SET utf8 COLLATE utf8_general_ci NULL DEFAULT NULL,
  `UserId` longtext CHARACTER SET utf8 COLLATE utf8_general_ci NULL,
  `CreateTime` timestamp(0) NULL DEFAULT NULL,
  `UpdateTime` timestamp(0) NULL DEFAULT NULL,
  PRIMARY KEY (`Id`) USING BTREE
) ENGINE = InnoDB CHARACTER SET = utf8 COLLATE = utf8_general_ci ROW_FORMAT = Dynamic;

-- ----------------------------
-- Records of member
-- ----------------------------
INSERT INTO `member` VALUES ('96A1AA3D-A61A-42D0-954A-C71753FB2065', '123', '123', '123', '女', '2018-04-25 23:00:00', NULL, '<p>123</p>', NULL, 'AC18F496-E93D-42F0-B59E-E321ACC85335', '2020-10-24 00:07:42', '2021-04-18 22:08:06');
INSERT INTO `member` VALUES ('9A604AA2-9AE6-4A2F-8DDB-D9E0289EAD9E', '1', '测试会员', '18510912123', '男', '2019-07-08 11:47:24', '/upload/files/20210118/time_232747_old_name_hzy.png', '<p>888</p>', '/upload/files/20210118/time_233310_old_name_hzy.png', 'AC18F496-E93D-42F0-B59E-E321ACC85335', '2018-04-25 23:00:00', '2021-01-19 14:19:47');

-- ----------------------------
-- Table structure for sysfunction
-- ----------------------------
DROP TABLE IF EXISTS `sysfunction`;
CREATE TABLE `sysfunction`  (
  `Id` varchar(36) CHARACTER SET utf8 COLLATE utf8_general_ci NOT NULL,
  `Number` int(0) NULL DEFAULT NULL,
  `Name` varchar(255) CHARACTER SET utf8 COLLATE utf8_general_ci NULL DEFAULT NULL,
  `ByName` varchar(255) CHARACTER SET utf8 COLLATE utf8_general_ci NULL DEFAULT NULL,
  `Remark` varchar(255) CHARACTER SET utf8 COLLATE utf8_general_ci NULL DEFAULT NULL,
  `UpdateTime` timestamp(0) NULL DEFAULT NULL,
  `CreateTime` timestamp(0) NULL DEFAULT NULL,
  PRIMARY KEY (`Id`) USING BTREE
) ENGINE = InnoDB CHARACTER SET = utf8 COLLATE = utf8_general_ci ROW_FORMAT = Dynamic;

-- ----------------------------
-- Records of sysfunction
-- ----------------------------
INSERT INTO `sysfunction` VALUES ('2401F4D0-60B0-4E2E-903F-84C603373572', 70, '导出', 'Export', 'Export', '2021-04-18 22:08:06', '2016-06-20 13:40:52');
INSERT INTO `sysfunction` VALUES ('383E7EE2-7690-46AC-9230-65155C84AA30', 50, '保存', 'Save', 'Save', '2021-04-18 22:08:06', '2016-06-20 13:40:52');
INSERT INTO `sysfunction` VALUES ('9C388461-2704-4C5E-A729-72C17E9018E1', 40, '删除', 'Delete', 'Delete', '2021-04-18 22:08:06', '2016-06-20 13:40:52');
INSERT INTO `sysfunction` VALUES ('B6FD5425-504A-46A9-993B-2F8DC9158EB8', 80, '打印', 'Print', 'Print', '2021-04-18 22:08:06', '2016-06-20 13:40:52');
INSERT INTO `sysfunction` VALUES ('BFFEFB1C-8988-4DDF-B4AC-81C2B30E80CD', 20, '添加', 'Insert', 'Insert', '2021-04-18 22:08:06', '2016-06-20 13:40:52');
INSERT INTO `sysfunction` VALUES ('C9518758-B2E1-4F51-B517-5282E273889C', 10, '显示', 'Display', 'Display', '2021-04-18 22:08:06', '2016-06-20 13:40:52');
INSERT INTO `sysfunction` VALUES ('E7EF2A05-8317-41C3-B588-99519FE88BF9', 30, '修改', 'Update', 'Update', '2021-04-18 22:08:06', '2016-06-20 13:40:52');
INSERT INTO `sysfunction` VALUES ('F27ECB0A-197D-47B1-B243-59A8C71302BF', 60, '检索', 'Search', 'Search', '2021-04-18 22:08:06', '2016-06-20 13:40:52');

-- ----------------------------
-- Table structure for sysmenu
-- ----------------------------
DROP TABLE IF EXISTS `sysmenu`;
CREATE TABLE `sysmenu`  (
  `Id` varchar(36) CHARACTER SET utf8 COLLATE utf8_general_ci NOT NULL,
  `Number` int(0) NULL DEFAULT NULL,
  `Name` varchar(255) CHARACTER SET utf8 COLLATE utf8_general_ci NULL DEFAULT NULL,
  `Url` varchar(255) CHARACTER SET utf8 COLLATE utf8_general_ci NULL DEFAULT NULL,
  `Router` varchar(255) CHARACTER SET utf8 COLLATE utf8_general_ci NULL DEFAULT NULL,
  `ComponentName` varchar(255) CHARACTER SET utf8 COLLATE utf8_general_ci NULL DEFAULT NULL,
  `Icon` varchar(255) CHARACTER SET utf8 COLLATE utf8_general_ci NULL DEFAULT NULL,
  `ParentId` varchar(36) CHARACTER SET utf8 COLLATE utf8_general_ci NULL DEFAULT NULL,
  `Show` int(0) NULL DEFAULT NULL,
  `Close` int(0) NULL DEFAULT NULL,
  `UpdateTime` timestamp(0) NULL DEFAULT NULL,
  `CreateTime` timestamp(0) NULL DEFAULT NULL,
  PRIMARY KEY (`Id`) USING BTREE
) ENGINE = InnoDB CHARACTER SET = utf8 COLLATE = utf8_general_ci ROW_FORMAT = Dynamic;

-- ----------------------------
-- Records of sysmenu
-- ----------------------------
INSERT INTO `sysmenu` VALUES ('15455A8D-262D-4266-85B3-08D8B9F578EF', 40, '图表 AntV G2', NULL, NULL, NULL, 'PieChartOutlined', NULL, 1, 1, '2021-01-16 16:06:33', '2021-01-16 16:06:33');
INSERT INTO `sysmenu` VALUES ('1EC76C4C-B9B3-4517-9854-F08CD11D653D', 90, '基础信息', NULL, NULL, NULL, 'GoldOutlined', NULL, 1, 1, '2021-01-18 19:33:46', '2018-03-10 12:16:38');
INSERT INTO `sysmenu` VALUES ('35DC130E-4034-11EB-A2CB-4CEDFB69A3E8', 110, '标准表格', 'views/list/index', '/list', 'list', NULL, '9674D439-864E-4BF8-9DD8-08D7D70AD6BB', 1, 1, '2020-12-17 14:51:05', '2020-12-17 14:51:07');
INSERT INTO `sysmenu` VALUES ('38D864FF-F6E7-43AF-8C5C-8BBCF9FA586D', 100, '账户管理', 'views/system/user/index', '/system/user', 'system_user', NULL, '9591F249-1471-44F7-86B5-6FDAE8B93888', 1, 1, '2021-04-18 22:08:06', '2018-03-10 12:16:38');
INSERT INTO `sysmenu` VALUES ('38FD48A9-4035-11EB-A2CB-4CEDFB69A3E8', 30, '按钮', 'views/button', '/button', 'button', 'AppstoreOutlined', NULL, 1, 1, '2021-01-16 16:04:05', '2020-12-17 14:58:05');
INSERT INTO `sysmenu` VALUES ('5C013900-4032-11EB-A2CB-4CEDFB69A3E8', 1, '首页', 'views/home', NULL, 'home', 'HomeOutlined', NULL, 1, 0, '2021-01-19 14:58:17', '2020-12-17 14:37:26');
INSERT INTO `sysmenu` VALUES ('60AE9382-31AB-4276-A379-D3876E9BB783', 110, '角色管理', 'views/system/role/index', '/system/role', 'system_role', NULL, '9591F249-1471-44F7-86B5-6FDAE8B93888', 1, 1, '2020-12-28 19:47:52', '2018-03-10 12:16:38');
INSERT INTO `sysmenu` VALUES ('63A6D076-3E22-4D26-85B4-08D8B9F578EF', 10, '基础图表', 'views/chart/base', '/chart/base', 'chart_base', NULL, '15455A8D-262D-4266-85B3-08D8B9F578EF', 1, 1, '2021-01-16 16:07:24', '2021-01-16 16:07:24');
INSERT INTO `sysmenu` VALUES ('7C34C2FD-98ED-4655-AA04-BB00B915A751', 10, '会员管理', 'views/base/member', '/base/member', 'base_member', NULL, '1EC76C4C-B9B3-4517-9854-F08CD11D653D', 1, 1, '2018-04-25 21:36:28', '2018-03-10 12:16:38');
INSERT INTO `sysmenu` VALUES ('9591F249-1471-44F7-86B5-6FDAE8B93888', 100, '系统管理', NULL, NULL, NULL, 'DesktopOutlined', NULL, 1, 1, '2018-03-10 12:16:38', '2018-03-10 12:16:38');
INSERT INTO `sysmenu` VALUES ('9674D439-864E-4BF8-9DD8-08D7D70AD6BB', 50, '表格管理', NULL, NULL, NULL, 'TableOutlined', NULL, 1, 1, '2021-01-16 17:32:07', '2018-03-10 12:16:38');
INSERT INTO `sysmenu` VALUES ('9A27DFC2-4A66-11EB-87B1-4CEDFB69A3E8', 160, '接口文档', 'views/system/swagger', '/system/swagger', 'system_swagger', NULL, '9591F249-1471-44F7-86B5-6FDAE8B93888', 1, 1, '2018-03-10 12:17:03', '2018-03-10 12:17:03');
INSERT INTO `sysmenu` VALUES ('9B01F9F3-5621-4BC2-85B5-08D8B9F578EF', 20, '更多示例', 'views/chart/more', '/chart/more', 'chart_more', NULL, '15455A8D-262D-4266-85B3-08D8B9F578EF', 1, 1, '2021-01-16 16:10:06', '2021-01-16 16:10:06');
INSERT INTO `sysmenu` VALUES ('BD024F3A-99A7-4407-861C-A016F243F222', 140, '角色功能', 'views/system/rolefunction/index', '/system/role/function', 'system_role_function', NULL, '9591F249-1471-44F7-86B5-6FDAE8B93888', 1, 1, '2021-01-10 12:21:06', '2018-03-10 12:16:38');
INSERT INTO `sysmenu` VALUES ('CC99F568-A831-4EA8-4C7A-08D8BBA503BF', 60, '富文本编辑器', 'views/editor', '/editor', 'editor', 'PicRightOutlined', NULL, 1, 1, '2021-01-18 19:34:54', '2021-01-18 19:34:28');
INSERT INTO `sysmenu` VALUES ('D721FC55-2174-40EB-BB37-5C54A158525A', 120, '功能管理', 'views/system/function/index', '/system/function', 'system_function', NULL, '9591F249-1471-44F7-86B5-6FDAE8B93888', 1, 1, '2021-01-30 00:50:48', '2018-03-10 12:16:38');
INSERT INTO `sysmenu` VALUES ('D788896B-4033-11EB-A2CB-4CEDFB69A3E8', 100, '基础表格', 'views/baseList', '/baseList', 'base_list', NULL, '9674D439-864E-4BF8-9DD8-08D7D70AD6BB', 1, 1, '2020-12-17 14:49:10', '2020-12-17 14:49:12');
INSERT INTO `sysmenu` VALUES ('E5D4DA6B-AAB0-4AAA-982F-43673E8152C0', 130, '菜单功能', 'views/system/menu/index', '/system/menu', 'system_menu', NULL, '9591F249-1471-44F7-86B5-6FDAE8B93888', 1, 1, '2021-01-01 18:39:59', '2018-03-10 12:16:38');
INSERT INTO `sysmenu` VALUES ('F35D64AE-ECB7-4D06-ACFB-D91595966D9E', 150, '修改密码', 'views/system/changePassword/index', '/system/change/password', 'system_change_password', NULL, '9591F249-1471-44F7-86B5-6FDAE8B93888', 1, 1, '2021-01-01 18:57:08', '2018-03-10 12:16:38');
INSERT INTO `sysmenu` VALUES ('F55A8858-EDE4-4380-85B2-08D8B9F578EF', 10, 'Antd Vue3.0组件库', 'views/antd_vue_components', '/antd/vue/components', 'antd_vue_components', 'LayoutOutlined', NULL, 1, 1, '2021-01-16 16:05:46', '2021-01-16 16:05:22');

-- ----------------------------
-- Table structure for sysmenufunction
-- ----------------------------
DROP TABLE IF EXISTS `sysmenufunction`;
CREATE TABLE `sysmenufunction`  (
  `Id` varchar(36) CHARACTER SET utf8 COLLATE utf8_general_ci NOT NULL,
  `MenuId` varchar(36) CHARACTER SET utf8 COLLATE utf8_general_ci NULL DEFAULT NULL,
  `FunctionId` varchar(36) CHARACTER SET utf8 COLLATE utf8_general_ci NULL DEFAULT NULL,
  `UpdateTime` timestamp(0) NULL DEFAULT NULL,
  `CreateTime` timestamp(0) NULL DEFAULT NULL,
  PRIMARY KEY (`Id`) USING BTREE
) ENGINE = InnoDB CHARACTER SET = utf8 COLLATE = utf8_general_ci ROW_FORMAT = Dynamic;

-- ----------------------------
-- Records of sysmenufunction
-- ----------------------------
INSERT INTO `sysmenufunction` VALUES ('060D14F9-E066-44B9-D6B3-08D8B9F5533B', '63A6D076-3E22-4D26-85B4-08D8B9F578EF', 'C9518758-B2E1-4F51-B517-5282E273889C', '2021-04-18 22:08:06', '2021-01-16 16:07:24');
INSERT INTO `sysmenufunction` VALUES ('09A29222-8F8D-4CA6-9BD1-AEDDBABE7D7B', '2DC579DC-2325-4063-B051-E92454EE3838', 'C9518758-B2E1-4F51-B517-5282E273889C', '2021-04-18 22:08:06', '2020-11-16 13:24:04');
INSERT INTO `sysmenufunction` VALUES ('0CB00876-7247-4D4A-B68D-44F807232B3C', '7C34C2FD-98ED-4655-AA04-BB00B915A751', 'BFFEFB1C-8988-4DDF-B4AC-81C2B30E80CD', '2021-04-18 22:08:06', '2020-11-16 13:24:04');
INSERT INTO `sysmenufunction` VALUES ('11D28148-61DA-4F49-8376-08D8BB7CD668', '38FD48A9-4035-11EB-A2CB-4CEDFB69A3E8', 'C9518758-B2E1-4F51-B517-5282E273889C', '2021-04-18 22:08:06', '2021-01-18 14:54:30');
INSERT INTO `sysmenufunction` VALUES ('13C4DEFB-6D15-4E0A-E39F-08D91540FE0D', 'E5D4DA6B-AAB0-4AAA-982F-43673E8152C0', 'BFFEFB1C-8988-4DDF-B4AC-81C2B30E80CD', '2021-05-12 20:25:13', '2021-05-12 20:25:13');
INSERT INTO `sysmenufunction` VALUES ('261AD456-12C5-447D-E3A3-08D91540FE0D', 'E5D4DA6B-AAB0-4AAA-982F-43673E8152C0', '2401F4D0-60B0-4E2E-903F-84C603373572', '2021-05-12 20:25:13', '2021-05-12 20:25:13');
INSERT INTO `sysmenufunction` VALUES ('26CF07DF-7C4B-4C59-B091-57479A28A8AC', '60AE9382-31AB-4276-A379-D3876E9BB783', '9C388461-2704-4C5E-A729-72C17E9018E1', '2021-04-18 22:08:06', '2020-11-16 13:24:04');
INSERT INTO `sysmenufunction` VALUES ('285ED47F-3F46-4443-E3A2-08D91540FE0D', 'E5D4DA6B-AAB0-4AAA-982F-43673E8152C0', 'C9518758-B2E1-4F51-B517-5282E273889C', '2021-05-12 20:25:13', '2021-05-12 20:25:13');
INSERT INTO `sysmenufunction` VALUES ('42FC1519-61C2-4501-BB4E-CD160BEA87A5', '60AE9382-31AB-4276-A379-D3876E9BB783', 'E7EF2A05-8317-41C3-B588-99519FE88BF9', '2021-04-18 22:08:06', '2020-11-16 13:24:04');
INSERT INTO `sysmenufunction` VALUES ('44556847-A63D-430C-895C-08D8BC479908', '5C013900-4032-11EB-A2CB-4CEDFB69A3E8', 'C9518758-B2E1-4F51-B517-5282E273889C', '2021-04-18 22:08:06', '2021-01-19 14:58:17');
INSERT INTO `sysmenufunction` VALUES ('44DD215E-1EDF-45AA-B6C6-4910ED14A228', 'B73C82F9-54EA-4F02-B7D9-FC3976BECB19', 'C9518758-B2E1-4F51-B517-5282E273889C', '2021-04-18 22:08:06', '2020-11-16 13:24:04');
INSERT INTO `sysmenufunction` VALUES ('4A99997E-EF14-414B-94A6-2F480E5B2CD2', '60AE9382-31AB-4276-A379-D3876E9BB783', '2401F4D0-60B0-4E2E-903F-84C603373572', '2021-04-18 22:08:06', '2020-11-16 13:24:04');
INSERT INTO `sysmenufunction` VALUES ('4C222766-19FD-43D2-E3A4-08D91540FE0D', 'E5D4DA6B-AAB0-4AAA-982F-43673E8152C0', 'B6FD5425-504A-46A9-993B-2F8DC9158EB8', '2021-05-12 20:25:13', '2021-05-12 20:25:13');
INSERT INTO `sysmenufunction` VALUES ('540D4CFB-1B2F-4736-80CA-5A613642B5B4', '7C34C2FD-98ED-4655-AA04-BB00B915A751', 'F27ECB0A-197D-47B1-B243-59A8C71302BF', '2021-04-18 22:08:06', '2020-11-16 13:24:04');
INSERT INTO `sysmenufunction` VALUES ('5689B539-88DB-49D2-8C5B-720E9EBC673E', '74B837AE-D24F-4F57-B107-E20DBE70F5D3', '2401F4D0-60B0-4E2E-903F-84C603373572', '2021-04-18 22:08:06', '2020-11-16 13:24:04');
INSERT INTO `sysmenufunction` VALUES ('5B21D63C-6611-4B39-9C26-1510118969B2', '0B7F8E2C-9FAA-4496-9068-80B87BA1B64E', 'C9518758-B2E1-4F51-B517-5282E273889C', '2021-04-18 22:08:06', '2020-11-16 13:24:04');
INSERT INTO `sysmenufunction` VALUES ('6014AD67-86C5-E5CC-00F2-3BEB1A1D0B43', 'D721FC55-2174-40EB-BB37-5C54A158525A', '9C388461-2704-4C5E-A729-72C17E9018E1', '2021-04-18 22:08:06', '2021-01-30 00:50:48');
INSERT INTO `sysmenufunction` VALUES ('6014AD67-86C5-E5CC-00F2-3BEC016A966E', 'D721FC55-2174-40EB-BB37-5C54A158525A', '2401F4D0-60B0-4E2E-903F-84C603373572', '2021-04-18 22:08:06', '2021-01-30 00:50:48');
INSERT INTO `sysmenufunction` VALUES ('6014AD67-86C5-E5CC-00F2-3BED6302ED1F', 'D721FC55-2174-40EB-BB37-5C54A158525A', 'E7EF2A05-8317-41C3-B588-99519FE88BF9', '2021-04-18 22:08:06', '2021-01-30 00:50:48');
INSERT INTO `sysmenufunction` VALUES ('6014AD67-86C5-E5CC-00F2-3BEE1680C46C', 'D721FC55-2174-40EB-BB37-5C54A158525A', '383E7EE2-7690-46AC-9230-65155C84AA30', '2021-04-18 22:08:06', '2021-01-30 00:50:48');
INSERT INTO `sysmenufunction` VALUES ('6014AD67-86C5-E5CC-00F2-3BEF391195F0', 'D721FC55-2174-40EB-BB37-5C54A158525A', 'C9518758-B2E1-4F51-B517-5282E273889C', '2021-04-18 22:08:06', '2021-01-30 00:50:48');
INSERT INTO `sysmenufunction` VALUES ('6014AD67-86C5-E5CC-00F2-3BF0451398FB', 'D721FC55-2174-40EB-BB37-5C54A158525A', 'B6FD5425-504A-46A9-993B-2F8DC9158EB8', '2021-04-18 22:08:06', '2021-01-30 00:50:48');
INSERT INTO `sysmenufunction` VALUES ('6014AD67-86C5-E5CC-00F2-3BF17BB44851', 'D721FC55-2174-40EB-BB37-5C54A158525A', 'F27ECB0A-197D-47B1-B243-59A8C71302BF', '2021-04-18 22:08:06', '2021-01-30 00:50:48');
INSERT INTO `sysmenufunction` VALUES ('6014AD67-86C5-E5CC-00F2-3BF23B0D82FA', 'D721FC55-2174-40EB-BB37-5C54A158525A', 'BFFEFB1C-8988-4DDF-B4AC-81C2B30E80CD', '2021-04-18 22:08:06', '2021-01-30 00:50:48');
INSERT INTO `sysmenufunction` VALUES ('6014AD6E-86C5-E5CC-00F2-3BF346DC6F7E', '38D864FF-F6E7-43AF-8C5C-8BBCF9FA586D', '2401F4D0-60B0-4E2E-903F-84C603373572', '2021-04-18 22:08:06', '2021-01-30 00:50:55');
INSERT INTO `sysmenufunction` VALUES ('6014AD6E-86C5-E5CC-00F2-3BF43AD1A03E', '38D864FF-F6E7-43AF-8C5C-8BBCF9FA586D', '9C388461-2704-4C5E-A729-72C17E9018E1', '2021-04-18 22:08:06', '2021-01-30 00:50:55');
INSERT INTO `sysmenufunction` VALUES ('6014AD6E-86C5-E5CC-00F2-3BF50300F3A4', '38D864FF-F6E7-43AF-8C5C-8BBCF9FA586D', 'E7EF2A05-8317-41C3-B588-99519FE88BF9', '2021-04-18 22:08:06', '2021-01-30 00:50:55');
INSERT INTO `sysmenufunction` VALUES ('6014AD6E-86C5-E5CC-00F2-3BF60443227F', '38D864FF-F6E7-43AF-8C5C-8BBCF9FA586D', '383E7EE2-7690-46AC-9230-65155C84AA30', '2021-04-18 22:08:06', '2021-01-30 00:50:55');
INSERT INTO `sysmenufunction` VALUES ('6014AD6E-86C5-E5CC-00F2-3BF766E72202', '38D864FF-F6E7-43AF-8C5C-8BBCF9FA586D', 'BFFEFB1C-8988-4DDF-B4AC-81C2B30E80CD', '2021-04-18 22:08:06', '2021-01-30 00:50:55');
INSERT INTO `sysmenufunction` VALUES ('6014AD6E-86C5-E5CC-00F2-3BF82FDBB360', '38D864FF-F6E7-43AF-8C5C-8BBCF9FA586D', 'F27ECB0A-197D-47B1-B243-59A8C71302BF', '2021-04-18 22:08:06', '2021-01-30 00:50:55');
INSERT INTO `sysmenufunction` VALUES ('6014AD6E-86C5-E5CC-00F2-3BF9301EE73D', '38D864FF-F6E7-43AF-8C5C-8BBCF9FA586D', 'C9518758-B2E1-4F51-B517-5282E273889C', '2021-04-18 22:08:06', '2021-01-30 00:50:55');
INSERT INTO `sysmenufunction` VALUES ('6529E142-E4DE-44A7-9ACB-53DF1796480C', '60AE9382-31AB-4276-A379-D3876E9BB783', 'BFFEFB1C-8988-4DDF-B4AC-81C2B30E80CD', '2021-04-18 22:08:06', '2020-11-16 13:24:04');
INSERT INTO `sysmenufunction` VALUES ('6D055AEB-3650-4103-E3A5-08D91540FE0D', 'E5D4DA6B-AAB0-4AAA-982F-43673E8152C0', '383E7EE2-7690-46AC-9230-65155C84AA30', '2021-05-12 20:25:13', '2021-05-12 20:25:13');
INSERT INTO `sysmenufunction` VALUES ('7861B618-0B12-4A56-ABDA-A5E8D17AC5D7', '2FF9BB67-AA42-48CF-80C9-6D1CFB6B1EAD', 'BFFEFB1C-8988-4DDF-B4AC-81C2B30E80CD', '2021-04-18 22:08:06', '2020-11-16 13:24:04');
INSERT INTO `sysmenufunction` VALUES ('7E466377-1810-4027-AE1B-227F53953B21', '74B837AE-D24F-4F57-B107-E20DBE70F5D3', 'F27ECB0A-197D-47B1-B243-59A8C71302BF', '2021-04-18 22:08:06', '2020-11-16 13:24:04');
INSERT INTO `sysmenufunction` VALUES ('842D38FC-29A2-4A9E-8949-84D76FC6A259', '7C34C2FD-98ED-4655-AA04-BB00B915A751', 'C9518758-B2E1-4F51-B517-5282E273889C', '2021-04-18 22:08:06', '2020-11-16 13:24:04');
INSERT INTO `sysmenufunction` VALUES ('869A2231-5631-4067-B97B-08D88A2CED15', '4CE21A81-1CAE-44D2-B29E-07058FF04B3E', 'C9518758-B2E1-4F51-B517-5282E273889C', '2021-04-18 22:08:06', '2020-11-16 20:41:23');
INSERT INTO `sysmenufunction` VALUES ('87415A83-BDDA-41B4-8377-08D8BB7CD668', '9A27DFC2-4A66-11EB-87B1-4CEDFB69A3E8', 'C9518758-B2E1-4F51-B517-5282E273889C', '2021-04-18 22:08:06', '2021-01-18 14:54:52');
INSERT INTO `sysmenufunction` VALUES ('8AAA6319-D36A-4FCD-8797-19D97A077E1B', '74B837AE-D24F-4F57-B107-E20DBE70F5D3', 'E7EF2A05-8317-41C3-B588-99519FE88BF9', '2021-04-18 22:08:06', '2020-11-16 13:24:04');
INSERT INTO `sysmenufunction` VALUES ('8C0BF314-FA41-40D3-8D8C-20F614DD078A', '7C34C2FD-98ED-4655-AA04-BB00B915A751', '9C388461-2704-4C5E-A729-72C17E9018E1', '2021-04-18 22:08:06', '2020-11-16 13:24:04');
INSERT INTO `sysmenufunction` VALUES ('92913243-421B-420D-9FBF-42D7DB59AEC9', '60AE9382-31AB-4276-A379-D3876E9BB783', 'C9518758-B2E1-4F51-B517-5282E273889C', '2021-04-18 22:08:06', '2020-11-16 13:24:04');
INSERT INTO `sysmenufunction` VALUES ('944F5D6A-19DC-4804-8374-08D8BB7CD668', 'D788896B-4033-11EB-A2CB-4CEDFB69A3E8', 'C9518758-B2E1-4F51-B517-5282E273889C', '2021-04-18 22:08:06', '2021-01-18 14:46:52');
INSERT INTO `sysmenufunction` VALUES ('9719CF6E-BBA6-47A9-E3A6-08D91540FE0D', 'E5D4DA6B-AAB0-4AAA-982F-43673E8152C0', 'F27ECB0A-197D-47B1-B243-59A8C71302BF', '2021-05-12 20:25:13', '2021-05-12 20:25:13');
INSERT INTO `sysmenufunction` VALUES ('9D63D074-85E7-48BD-8375-08D8BB7CD668', '35DC130E-4034-11EB-A2CB-4CEDFB69A3E8', 'C9518758-B2E1-4F51-B517-5282E273889C', '2021-04-18 22:08:06', '2021-01-18 14:46:55');
INSERT INTO `sysmenufunction` VALUES ('9D7BAF7D-36B0-4B3B-A5AD-064C8DFC8324', '60AE9382-31AB-4276-A379-D3876E9BB783', '383E7EE2-7690-46AC-9230-65155C84AA30', '2021-04-18 22:08:06', '2020-11-16 13:24:04');
INSERT INTO `sysmenufunction` VALUES ('A3074D55-141E-496E-A55C-93B5FD2DCE6C', '74B837AE-D24F-4F57-B107-E20DBE70F5D3', 'C9518758-B2E1-4F51-B517-5282E273889C', '2021-04-18 22:08:06', '2020-11-16 13:24:04');
INSERT INTO `sysmenufunction` VALUES ('A49B958C-F00C-4C0D-B031-21190E5C74FA', 'F35D64AE-ECB7-4D06-ACFB-D91595966D9E', 'C9518758-B2E1-4F51-B517-5282E273889C', '2021-04-18 22:08:06', '2020-11-16 13:24:04');
INSERT INTO `sysmenufunction` VALUES ('AFBD3366-4C4F-46B1-8F96-903CFE6F8A00', '60AE9382-31AB-4276-A379-D3876E9BB783', 'F27ECB0A-197D-47B1-B243-59A8C71302BF', '2021-04-18 22:08:06', '2020-11-16 13:24:04');
INSERT INTO `sysmenufunction` VALUES ('B010F911-257E-4FA3-5B15-08D8BA019738', '9674D439-864E-4BF8-9DD8-08D7D70AD6BB', 'C9518758-B2E1-4F51-B517-5282E273889C', '2021-04-18 22:08:06', '2021-01-16 17:32:07');
INSERT INTO `sysmenufunction` VALUES ('B8AA1A54-9076-4C72-A323-7B3B95AB26F4', '74B837AE-D24F-4F57-B107-E20DBE70F5D3', '383E7EE2-7690-46AC-9230-65155C84AA30', '2021-04-18 22:08:06', '2020-11-16 13:24:04');
INSERT INTO `sysmenufunction` VALUES ('BB14769D-4760-4341-9FAF-9FA82EEADA65', '2FF9BB67-AA42-48CF-80C9-6D1CFB6B1EAD', 'E7EF2A05-8317-41C3-B588-99519FE88BF9', '2021-04-18 22:08:06', '2020-11-16 13:24:04');
INSERT INTO `sysmenufunction` VALUES ('BD144568-A24E-4F7E-D6B2-08D8B9F5533B', '15455A8D-262D-4266-85B3-08D8B9F578EF', 'C9518758-B2E1-4F51-B517-5282E273889C', '2021-04-18 22:08:06', '2021-01-16 16:06:33');
INSERT INTO `sysmenufunction` VALUES ('C7AD9C6B-5736-43D5-E3A0-08D91540FE0D', 'E5D4DA6B-AAB0-4AAA-982F-43673E8152C0', '9C388461-2704-4C5E-A729-72C17E9018E1', '2021-05-12 20:25:13', '2021-05-12 20:25:13');
INSERT INTO `sysmenufunction` VALUES ('D5A0B0CC-7045-487A-E3A1-08D91540FE0D', 'E5D4DA6B-AAB0-4AAA-982F-43673E8152C0', 'E7EF2A05-8317-41C3-B588-99519FE88BF9', '2021-05-12 20:25:13', '2021-05-12 20:25:13');
INSERT INTO `sysmenufunction` VALUES ('D62F6C43-AE93-4D50-A6F0-B64C9CACEC7B', '7C34C2FD-98ED-4655-AA04-BB00B915A751', 'E7EF2A05-8317-41C3-B588-99519FE88BF9', '2021-04-18 22:08:06', '2020-11-16 13:24:04');
INSERT INTO `sysmenufunction` VALUES ('E136CCDA-91CE-4041-D6B4-08D8B9F5533B', '9B01F9F3-5621-4BC2-85B5-08D8B9F578EF', 'C9518758-B2E1-4F51-B517-5282E273889C', '2021-04-18 22:08:06', '2021-01-16 16:10:06');
INSERT INTO `sysmenufunction` VALUES ('E13E5D24-1753-4610-146E-08D8B51EB5F0', 'BD024F3A-99A7-4407-861C-A016F243F222', 'C9518758-B2E1-4F51-B517-5282E273889C', '2021-04-18 22:08:06', '2021-01-10 12:21:06');
INSERT INTO `sysmenufunction` VALUES ('E28E11CD-27C5-475D-D6B1-08D8B9F5533B', 'F55A8858-EDE4-4380-85B2-08D8B9F578EF', 'C9518758-B2E1-4F51-B517-5282E273889C', '2021-04-18 22:08:06', '2021-01-16 16:05:46');
INSERT INTO `sysmenufunction` VALUES ('E2D0C07A-E74F-46F2-8991-113CD58C4785', '7C34C2FD-98ED-4655-AA04-BB00B915A751', '2401F4D0-60B0-4E2E-903F-84C603373572', '2021-04-18 22:08:06', '2020-11-16 13:24:04');
INSERT INTO `sysmenufunction` VALUES ('EF36A4F2-A70E-4AE3-923B-609910127A33', '7C34C2FD-98ED-4655-AA04-BB00B915A751', '383E7EE2-7690-46AC-9230-65155C84AA30', '2021-04-18 22:08:06', '2020-11-16 13:24:04');
INSERT INTO `sysmenufunction` VALUES ('F38D6E67-3F6F-495D-B759-08D8BBA503C2', 'CC99F568-A831-4EA8-4C7A-08D8BBA503BF', 'C9518758-B2E1-4F51-B517-5282E273889C', '2021-04-18 22:08:06', '2021-01-18 19:34:54');
INSERT INTO `sysmenufunction` VALUES ('FA162511-0213-4DA2-9FBF-E5F45AF5B7FC', '7C34C2FD-98ED-4655-AA04-BB00B915A751', 'B6FD5425-504A-46A9-993B-2F8DC9158EB8', '2021-04-18 22:08:06', '2020-11-16 13:24:04');

-- ----------------------------
-- Table structure for sysorganization
-- ----------------------------
DROP TABLE IF EXISTS `sysorganization`;
CREATE TABLE `sysorganization`  (
  `Id` varchar(36) CHARACTER SET utf8 COLLATE utf8_general_ci NOT NULL,
  `Name` varchar(255) CHARACTER SET utf8 COLLATE utf8_general_ci NULL DEFAULT NULL,
  `OrderNumber` int(0) NULL DEFAULT NULL,
  `Leader` varchar(255) CHARACTER SET utf8 COLLATE utf8_general_ci NULL DEFAULT NULL,
  `Phone` varchar(255) CHARACTER SET utf8 COLLATE utf8_general_ci NULL DEFAULT NULL,
  `Email` varchar(255) CHARACTER SET utf8 COLLATE utf8_general_ci NULL DEFAULT NULL,
  `State` int(0) NULL DEFAULT NULL,
  `ParentId` varchar(36) CHARACTER SET utf8 COLLATE utf8_general_ci NULL DEFAULT NULL,
  `UpdateTime` timestamp(0) NULL DEFAULT NULL,
  `CreateTime` timestamp(0) NULL DEFAULT NULL,
  PRIMARY KEY (`Id`) USING BTREE
) ENGINE = InnoDB CHARACTER SET = utf8 COLLATE = utf8_general_ci ROW_FORMAT = Dynamic;

-- ----------------------------
-- Records of sysorganization
-- ----------------------------

-- ----------------------------
-- Table structure for syspost
-- ----------------------------
DROP TABLE IF EXISTS `syspost`;
CREATE TABLE `syspost`  (
  `Id` varchar(36) CHARACTER SET utf8 COLLATE utf8_general_ci NOT NULL,
  `Number` int(0) NULL DEFAULT NULL,
  `Code` varchar(255) CHARACTER SET utf8 COLLATE utf8_general_ci NULL DEFAULT NULL,
  `Name` varchar(255) CHARACTER SET utf8 COLLATE utf8_general_ci NULL DEFAULT NULL,
  `State` int(0) NULL DEFAULT NULL,
  `UpdateTime` timestamp(0) NULL DEFAULT NULL,
  `CreateTime` timestamp(0) NULL DEFAULT NULL,
  PRIMARY KEY (`Id`) USING BTREE
) ENGINE = InnoDB CHARACTER SET = utf8 COLLATE = utf8_general_ci ROW_FORMAT = Dynamic;

-- ----------------------------
-- Records of syspost
-- ----------------------------

-- ----------------------------
-- Table structure for sysrole
-- ----------------------------
DROP TABLE IF EXISTS `sysrole`;
CREATE TABLE `sysrole`  (
  `Id` varchar(36) CHARACTER SET utf8 COLLATE utf8_general_ci NOT NULL,
  `Number` int(0) NULL DEFAULT NULL,
  `Name` varchar(255) CHARACTER SET utf8 COLLATE utf8_general_ci NULL DEFAULT NULL,
  `Remark` varchar(255) CHARACTER SET utf8 COLLATE utf8_general_ci NULL DEFAULT NULL,
  `IsDelete` int(0) NULL DEFAULT NULL,
  `UpdateTime` timestamp(0) NULL DEFAULT NULL,
  `CreateTime` timestamp(0) NULL DEFAULT NULL,
  PRIMARY KEY (`Id`) USING BTREE
) ENGINE = InnoDB CHARACTER SET = utf8 COLLATE = utf8_general_ci ROW_FORMAT = Dynamic;

-- ----------------------------
-- Records of sysrole
-- ----------------------------
INSERT INTO `sysrole` VALUES ('18FA4771-6F58-46A3-80D2-6F0F5E9972E3', 1, '超级管理员', '拥有所有权限', 0, '2021-01-10 11:25:12', '2016-07-06 17:59:20');
INSERT INTO `sysrole` VALUES ('40FF1844-C099-4061-98E0-CD6E544FCFD3', 2, '普通用户', '普通用户', 1, '2021-01-30 00:51:17', '2016-07-06 17:59:20');

-- ----------------------------
-- Table structure for sysrolemenufunction
-- ----------------------------
DROP TABLE IF EXISTS `sysrolemenufunction`;
CREATE TABLE `sysrolemenufunction`  (
  `Id` varchar(36) CHARACTER SET utf8 COLLATE utf8_general_ci NOT NULL,
  `RoleId` varchar(36) CHARACTER SET utf8 COLLATE utf8_general_ci NULL DEFAULT NULL,
  `MenuId` varchar(36) CHARACTER SET utf8 COLLATE utf8_general_ci NULL DEFAULT NULL,
  `FunctionId` varchar(36) CHARACTER SET utf8 COLLATE utf8_general_ci NULL DEFAULT NULL,
  `UpdateTime` timestamp(0) NULL DEFAULT NULL,
  `CreateTime` timestamp(0) NULL DEFAULT NULL,
  PRIMARY KEY (`Id`) USING BTREE
) ENGINE = InnoDB CHARACTER SET = utf8 COLLATE = utf8_general_ci ROW_FORMAT = Dynamic;

-- ----------------------------
-- Records of sysrolemenufunction
-- ----------------------------
INSERT INTO `sysrolemenufunction` VALUES ('052DD69B-C809-4F62-F107-08D915410342', '18FA4771-6F58-46A3-80D2-6F0F5E9972E3', 'E5D4DA6B-AAB0-4AAA-982F-43673E8152C0', '9C388461-2704-4C5E-A729-72C17E9018E1', '2021-05-12 20:25:54', '2021-05-12 20:25:54');
INSERT INTO `sysrolemenufunction` VALUES ('0920F21B-FBBF-45F4-F0C2-08D915410342', '18FA4771-6F58-46A3-80D2-6F0F5E9972E3', '60AE9382-31AB-4276-A379-D3876E9BB783', '9C388461-2704-4C5E-A729-72C17E9018E1', '2021-05-12 20:25:46', '2021-05-12 20:25:46');
INSERT INTO `sysrolemenufunction` VALUES ('0946C554-84A7-4ADB-F063-08D915410342', '18FA4771-6F58-46A3-80D2-6F0F5E9972E3', '35DC130E-4034-11EB-A2CB-4CEDFB69A3E8', 'C9518758-B2E1-4F51-B517-5282E273889C', '2021-05-12 20:25:27', '2021-05-12 20:25:27');
INSERT INTO `sysrolemenufunction` VALUES ('0BE2633E-046D-40FA-98DC-08D8BC47A2C8', '40FF1844-C099-4061-98E0-CD6E544FCFD3', '38FD48A9-4035-11EB-A2CB-4CEDFB69A3E8', 'C9518758-B2E1-4F51-B517-5282E273889C', '2021-01-19 14:58:38', '2021-01-19 14:58:38');
INSERT INTO `sysrolemenufunction` VALUES ('12CEEF4D-03C0-45CC-98DF-08D8BC47A2C8', '40FF1844-C099-4061-98E0-CD6E544FCFD3', 'D788896B-4033-11EB-A2CB-4CEDFB69A3E8', 'C9518758-B2E1-4F51-B517-5282E273889C', '2021-01-19 14:58:43', '2021-01-19 14:58:43');
INSERT INTO `sysrolemenufunction` VALUES ('154DFE60-9CB3-49BA-F05D-08D915410342', '18FA4771-6F58-46A3-80D2-6F0F5E9972E3', '5C013900-4032-11EB-A2CB-4CEDFB69A3E8', 'C9518758-B2E1-4F51-B517-5282E273889C', '2021-05-12 20:25:22', '2021-05-12 20:25:22');
INSERT INTO `sysrolemenufunction` VALUES ('1C082C5A-8383-443F-98E0-08D8BC47A2C8', '40FF1844-C099-4061-98E0-CD6E544FCFD3', '35DC130E-4034-11EB-A2CB-4CEDFB69A3E8', 'C9518758-B2E1-4F51-B517-5282E273889C', '2021-01-19 14:58:44', '2021-01-19 14:58:44');
INSERT INTO `sysrolemenufunction` VALUES ('1E882FBE-FD88-407E-98DD-08D8BC47A2C8', '40FF1844-C099-4061-98E0-CD6E544FCFD3', '63A6D076-3E22-4D26-85B4-08D8B9F578EF', 'C9518758-B2E1-4F51-B517-5282E273889C', '2021-01-19 14:58:42', '2021-01-19 14:58:42');
INSERT INTO `sysrolemenufunction` VALUES ('26250C7D-B504-44CC-F0BF-08D915410342', '18FA4771-6F58-46A3-80D2-6F0F5E9972E3', '60AE9382-31AB-4276-A379-D3876E9BB783', 'C9518758-B2E1-4F51-B517-5282E273889C', '2021-05-12 20:25:46', '2021-05-12 20:25:46');
INSERT INTO `sysrolemenufunction` VALUES ('2D23022C-DF34-4847-F08E-08D915410342', '18FA4771-6F58-46A3-80D2-6F0F5E9972E3', '7C34C2FD-98ED-4655-AA04-BB00B915A751', '2401F4D0-60B0-4E2E-903F-84C603373572', '2021-05-12 20:25:38', '2021-05-12 20:25:38');
INSERT INTO `sysrolemenufunction` VALUES ('2F2F0C63-2E13-4137-98DB-08D8BC47A2C8', '40FF1844-C099-4061-98E0-CD6E544FCFD3', 'F55A8858-EDE4-4380-85B2-08D8B9F578EF', 'C9518758-B2E1-4F51-B517-5282E273889C', '2021-01-19 14:58:36', '2021-01-19 14:58:36');
INSERT INTO `sysrolemenufunction` VALUES ('463ACEA8-60B0-4A59-7DE7-08D8BB7C529A', '40FF1844-C099-4061-98E0-CD6E544FCFD3', '60AE9382-31AB-4276-A379-D3876E9BB783', 'C9518758-B2E1-4F51-B517-5282E273889C', '2021-01-18 14:45:40', '2021-01-18 14:45:40');
INSERT INTO `sysrolemenufunction` VALUES ('4CA56FED-FC32-4456-F0E8-08D915410342', '18FA4771-6F58-46A3-80D2-6F0F5E9972E3', 'D721FC55-2174-40EB-BB37-5C54A158525A', 'F27ECB0A-197D-47B1-B243-59A8C71302BF', '2021-05-12 20:25:50', '2021-05-12 20:25:50');
INSERT INTO `sysrolemenufunction` VALUES ('541450F0-DBD3-4094-F0C3-08D915410342', '18FA4771-6F58-46A3-80D2-6F0F5E9972E3', '60AE9382-31AB-4276-A379-D3876E9BB783', '383E7EE2-7690-46AC-9230-65155C84AA30', '2021-05-12 20:25:46', '2021-05-12 20:25:46');
INSERT INTO `sysrolemenufunction` VALUES ('57A97A6C-CC65-4AC6-F064-08D915410342', '18FA4771-6F58-46A3-80D2-6F0F5E9972E3', 'CC99F568-A831-4EA8-4C7A-08D8BBA503BF', 'C9518758-B2E1-4F51-B517-5282E273889C', '2021-05-12 20:25:27', '2021-05-12 20:25:27');
INSERT INTO `sysrolemenufunction` VALUES ('5D470AE4-66A5-4CDF-F0E3-08D915410342', '18FA4771-6F58-46A3-80D2-6F0F5E9972E3', 'D721FC55-2174-40EB-BB37-5C54A158525A', 'E7EF2A05-8317-41C3-B588-99519FE88BF9', '2021-05-12 20:25:50', '2021-05-12 20:25:50');
INSERT INTO `sysrolemenufunction` VALUES ('5EE46CD1-B2A3-4BC2-F05F-08D915410342', '18FA4771-6F58-46A3-80D2-6F0F5E9972E3', 'F55A8858-EDE4-4380-85B2-08D8B9F578EF', 'C9518758-B2E1-4F51-B517-5282E273889C', '2021-05-12 20:25:24', '2021-05-12 20:25:24');
INSERT INTO `sysrolemenufunction` VALUES ('623EAF4E-5263-4FB9-F0A7-08D915410342', '18FA4771-6F58-46A3-80D2-6F0F5E9972E3', '38D864FF-F6E7-43AF-8C5C-8BBCF9FA586D', '9C388461-2704-4C5E-A729-72C17E9018E1', '2021-05-12 20:25:42', '2021-05-12 20:25:42');
INSERT INTO `sysrolemenufunction` VALUES ('68AB8ACC-4D11-4E66-F0E5-08D915410342', '18FA4771-6F58-46A3-80D2-6F0F5E9972E3', 'D721FC55-2174-40EB-BB37-5C54A158525A', '383E7EE2-7690-46AC-9230-65155C84AA30', '2021-05-12 20:25:50', '2021-05-12 20:25:50');
INSERT INTO `sysrolemenufunction` VALUES ('6A3D6AC5-11C7-4592-98E4-08D8BC47A2C8', '40FF1844-C099-4061-98E0-CD6E544FCFD3', '38D864FF-F6E7-43AF-8C5C-8BBCF9FA586D', 'BFFEFB1C-8988-4DDF-B4AC-81C2B30E80CD', '2021-01-19 15:12:04', '2021-01-19 15:12:04');
INSERT INTO `sysrolemenufunction` VALUES ('6C934FA6-EFF0-42C7-F0C5-08D915410342', '18FA4771-6F58-46A3-80D2-6F0F5E9972E3', '60AE9382-31AB-4276-A379-D3876E9BB783', '2401F4D0-60B0-4E2E-903F-84C603373572', '2021-05-12 20:25:46', '2021-05-12 20:25:46');
INSERT INTO `sysrolemenufunction` VALUES ('6DFA0985-81FA-4242-F06B-08D915410342', '18FA4771-6F58-46A3-80D2-6F0F5E9972E3', 'F35D64AE-ECB7-4D06-ACFB-D91595966D9E', 'C9518758-B2E1-4F51-B517-5282E273889C', '2021-05-12 20:25:33', '2021-05-12 20:25:33');
INSERT INTO `sysrolemenufunction` VALUES ('704A78F1-5C00-4169-F10A-08D915410342', '18FA4771-6F58-46A3-80D2-6F0F5E9972E3', 'E5D4DA6B-AAB0-4AAA-982F-43673E8152C0', 'B6FD5425-504A-46A9-993B-2F8DC9158EB8', '2021-05-12 20:25:54', '2021-05-12 20:25:54');
INSERT INTO `sysrolemenufunction` VALUES ('754AD754-BBC4-47BC-F088-08D915410342', '18FA4771-6F58-46A3-80D2-6F0F5E9972E3', '7C34C2FD-98ED-4655-AA04-BB00B915A751', 'C9518758-B2E1-4F51-B517-5282E273889C', '2021-05-12 20:25:38', '2021-05-12 20:25:38');
INSERT INTO `sysrolemenufunction` VALUES ('7E74F26C-F63E-42F0-F0E4-08D915410342', '18FA4771-6F58-46A3-80D2-6F0F5E9972E3', 'D721FC55-2174-40EB-BB37-5C54A158525A', '9C388461-2704-4C5E-A729-72C17E9018E1', '2021-05-12 20:25:50', '2021-05-12 20:25:50');
INSERT INTO `sysrolemenufunction` VALUES ('82EB14DA-2B31-45D8-F0A5-08D915410342', '18FA4771-6F58-46A3-80D2-6F0F5E9972E3', '38D864FF-F6E7-43AF-8C5C-8BBCF9FA586D', 'BFFEFB1C-8988-4DDF-B4AC-81C2B30E80CD', '2021-05-12 20:25:42', '2021-05-12 20:25:42');
INSERT INTO `sysrolemenufunction` VALUES ('8E1EA93C-398C-4FE7-F0E6-08D915410342', '18FA4771-6F58-46A3-80D2-6F0F5E9972E3', 'D721FC55-2174-40EB-BB37-5C54A158525A', '2401F4D0-60B0-4E2E-903F-84C603373572', '2021-05-12 20:25:50', '2021-05-12 20:25:50');
INSERT INTO `sysrolemenufunction` VALUES ('8E87C5CB-1C6E-481E-F0A6-08D915410342', '18FA4771-6F58-46A3-80D2-6F0F5E9972E3', '38D864FF-F6E7-43AF-8C5C-8BBCF9FA586D', 'E7EF2A05-8317-41C3-B588-99519FE88BF9', '2021-05-12 20:25:42', '2021-05-12 20:25:42');
INSERT INTO `sysrolemenufunction` VALUES ('915AC7F5-4E1B-4D92-F06C-08D915410342', '18FA4771-6F58-46A3-80D2-6F0F5E9972E3', '9A27DFC2-4A66-11EB-87B1-4CEDFB69A3E8', 'C9518758-B2E1-4F51-B517-5282E273889C', '2021-05-12 20:25:33', '2021-05-12 20:25:33');
INSERT INTO `sysrolemenufunction` VALUES ('92837E44-E8D2-48A2-F106-08D915410342', '18FA4771-6F58-46A3-80D2-6F0F5E9972E3', 'E5D4DA6B-AAB0-4AAA-982F-43673E8152C0', 'E7EF2A05-8317-41C3-B588-99519FE88BF9', '2021-05-12 20:25:54', '2021-05-12 20:25:54');
INSERT INTO `sysrolemenufunction` VALUES ('92CEC1E4-CC90-4C20-F08A-08D915410342', '18FA4771-6F58-46A3-80D2-6F0F5E9972E3', '7C34C2FD-98ED-4655-AA04-BB00B915A751', 'E7EF2A05-8317-41C3-B588-99519FE88BF9', '2021-05-12 20:25:38', '2021-05-12 20:25:38');
INSERT INTO `sysrolemenufunction` VALUES ('93CE6573-523E-4E3C-3D63-08D88BC25510', '18FA4771-6F58-46A3-80D2-6F0F5E9972E3', '0B7F8E2C-9FAA-4496-9068-80B87BA1B64E', 'C9518758-B2E1-4F51-B517-5282E273889C', '2021-04-18 22:08:06', '2020-11-18 21:03:36');
INSERT INTO `sysrolemenufunction` VALUES ('97C80C3A-D00E-4788-F0E2-08D915410342', '18FA4771-6F58-46A3-80D2-6F0F5E9972E3', 'D721FC55-2174-40EB-BB37-5C54A158525A', 'BFFEFB1C-8988-4DDF-B4AC-81C2B30E80CD', '2021-05-12 20:25:50', '2021-05-12 20:25:50');
INSERT INTO `sysrolemenufunction` VALUES ('9967C23D-9101-4543-F08D-08D915410342', '18FA4771-6F58-46A3-80D2-6F0F5E9972E3', '7C34C2FD-98ED-4655-AA04-BB00B915A751', 'F27ECB0A-197D-47B1-B243-59A8C71302BF', '2021-05-12 20:25:38', '2021-05-12 20:25:38');
INSERT INTO `sysrolemenufunction` VALUES ('99E29596-75A0-4736-98E2-08D8BC47A2C8', '40FF1844-C099-4061-98E0-CD6E544FCFD3', '9A27DFC2-4A66-11EB-87B1-4CEDFB69A3E8', 'C9518758-B2E1-4F51-B517-5282E273889C', '2021-01-19 14:58:52', '2021-01-19 14:58:52');
INSERT INTO `sysrolemenufunction` VALUES ('9AC7BDFB-7398-4DC8-F0C4-08D915410342', '18FA4771-6F58-46A3-80D2-6F0F5E9972E3', '60AE9382-31AB-4276-A379-D3876E9BB783', 'F27ECB0A-197D-47B1-B243-59A8C71302BF', '2021-05-12 20:25:46', '2021-05-12 20:25:46');
INSERT INTO `sysrolemenufunction` VALUES ('9D35E600-EE44-479A-F061-08D915410342', '18FA4771-6F58-46A3-80D2-6F0F5E9972E3', '9B01F9F3-5621-4BC2-85B5-08D8B9F578EF', 'C9518758-B2E1-4F51-B517-5282E273889C', '2021-05-12 20:25:25', '2021-05-12 20:25:25');
INSERT INTO `sysrolemenufunction` VALUES ('9F341E22-87C3-498A-F105-08D915410342', '18FA4771-6F58-46A3-80D2-6F0F5E9972E3', 'E5D4DA6B-AAB0-4AAA-982F-43673E8152C0', 'BFFEFB1C-8988-4DDF-B4AC-81C2B30E80CD', '2021-05-12 20:25:54', '2021-05-12 20:25:54');
INSERT INTO `sysrolemenufunction` VALUES ('A36D2F2E-56F4-4920-F108-08D915410342', '18FA4771-6F58-46A3-80D2-6F0F5E9972E3', 'E5D4DA6B-AAB0-4AAA-982F-43673E8152C0', '383E7EE2-7690-46AC-9230-65155C84AA30', '2021-05-12 20:25:54', '2021-05-12 20:25:54');
INSERT INTO `sysrolemenufunction` VALUES ('AFFC5760-C5BD-43FB-98E7-08D8BC47A2C8', '40FF1844-C099-4061-98E0-CD6E544FCFD3', '38D864FF-F6E7-43AF-8C5C-8BBCF9FA586D', 'F27ECB0A-197D-47B1-B243-59A8C71302BF', '2021-01-19 15:12:04', '2021-01-19 15:12:04');
INSERT INTO `sysrolemenufunction` VALUES ('B3AC009F-017B-4512-F0A9-08D915410342', '18FA4771-6F58-46A3-80D2-6F0F5E9972E3', '38D864FF-F6E7-43AF-8C5C-8BBCF9FA586D', 'F27ECB0A-197D-47B1-B243-59A8C71302BF', '2021-05-12 20:25:42', '2021-05-12 20:25:42');
INSERT INTO `sysrolemenufunction` VALUES ('C0C76981-828B-435E-98E3-08D8BC47A2C8', '40FF1844-C099-4061-98E0-CD6E544FCFD3', '38D864FF-F6E7-43AF-8C5C-8BBCF9FA586D', 'C9518758-B2E1-4F51-B517-5282E273889C', '2021-01-19 15:12:04', '2021-01-19 15:12:04');
INSERT INTO `sysrolemenufunction` VALUES ('C5ABDA7A-230D-469F-F104-08D915410342', '18FA4771-6F58-46A3-80D2-6F0F5E9972E3', 'E5D4DA6B-AAB0-4AAA-982F-43673E8152C0', 'C9518758-B2E1-4F51-B517-5282E273889C', '2021-05-12 20:25:54', '2021-05-12 20:25:54');
INSERT INTO `sysrolemenufunction` VALUES ('C5AD81CC-09EC-4007-F08B-08D915410342', '18FA4771-6F58-46A3-80D2-6F0F5E9972E3', '7C34C2FD-98ED-4655-AA04-BB00B915A751', '9C388461-2704-4C5E-A729-72C17E9018E1', '2021-05-12 20:25:38', '2021-05-12 20:25:38');
INSERT INTO `sysrolemenufunction` VALUES ('C636D222-58DC-410F-F089-08D915410342', '18FA4771-6F58-46A3-80D2-6F0F5E9972E3', '7C34C2FD-98ED-4655-AA04-BB00B915A751', 'BFFEFB1C-8988-4DDF-B4AC-81C2B30E80CD', '2021-05-12 20:25:38', '2021-05-12 20:25:38');
INSERT INTO `sysrolemenufunction` VALUES ('C9D1ED28-5F58-4C7E-F10B-08D915410342', '18FA4771-6F58-46A3-80D2-6F0F5E9972E3', 'E5D4DA6B-AAB0-4AAA-982F-43673E8152C0', 'F27ECB0A-197D-47B1-B243-59A8C71302BF', '2021-05-12 20:25:54', '2021-05-12 20:25:54');
INSERT INTO `sysrolemenufunction` VALUES ('CB03537E-B361-4A47-98DA-08D8BC47A2C8', '40FF1844-C099-4061-98E0-CD6E544FCFD3', '5C013900-4032-11EB-A2CB-4CEDFB69A3E8', 'C9518758-B2E1-4F51-B517-5282E273889C', '2021-01-19 14:58:33', '2021-01-19 14:58:33');
INSERT INTO `sysrolemenufunction` VALUES ('CB043048-142D-464D-F0A4-08D915410342', '18FA4771-6F58-46A3-80D2-6F0F5E9972E3', '38D864FF-F6E7-43AF-8C5C-8BBCF9FA586D', 'C9518758-B2E1-4F51-B517-5282E273889C', '2021-05-12 20:25:42', '2021-05-12 20:25:42');
INSERT INTO `sysrolemenufunction` VALUES ('D5D321CE-28E6-4742-98E1-08D8BC47A2C8', '40FF1844-C099-4061-98E0-CD6E544FCFD3', 'CC99F568-A831-4EA8-4C7A-08D8BBA503BF', 'C9518758-B2E1-4F51-B517-5282E273889C', '2021-01-19 14:58:45', '2021-01-19 14:58:45');
INSERT INTO `sysrolemenufunction` VALUES ('D80E356E-0D71-411F-7DE9-08D8BB7C529A', '40FF1844-C099-4061-98E0-CD6E544FCFD3', '60AE9382-31AB-4276-A379-D3876E9BB783', 'E7EF2A05-8317-41C3-B588-99519FE88BF9', '2021-01-18 14:45:40', '2021-01-18 14:45:40');
INSERT INTO `sysrolemenufunction` VALUES ('D92CC026-DFCF-49FE-F08F-08D915410342', '18FA4771-6F58-46A3-80D2-6F0F5E9972E3', '7C34C2FD-98ED-4655-AA04-BB00B915A751', 'B6FD5425-504A-46A9-993B-2F8DC9158EB8', '2021-05-12 20:25:38', '2021-05-12 20:25:38');
INSERT INTO `sysrolemenufunction` VALUES ('DE19371D-5FBE-4FC3-98DE-08D8BC47A2C8', '40FF1844-C099-4061-98E0-CD6E544FCFD3', '9B01F9F3-5621-4BC2-85B5-08D8B9F578EF', 'C9518758-B2E1-4F51-B517-5282E273889C', '2021-01-19 14:58:42', '2021-01-19 14:58:42');
INSERT INTO `sysrolemenufunction` VALUES ('E02EF258-BE98-4A5C-F0E1-08D915410342', '18FA4771-6F58-46A3-80D2-6F0F5E9972E3', 'D721FC55-2174-40EB-BB37-5C54A158525A', 'C9518758-B2E1-4F51-B517-5282E273889C', '2021-05-12 20:25:50', '2021-05-12 20:25:50');
INSERT INTO `sysrolemenufunction` VALUES ('E08A05A7-C494-4E32-F0E7-08D915410342', '18FA4771-6F58-46A3-80D2-6F0F5E9972E3', 'D721FC55-2174-40EB-BB37-5C54A158525A', 'B6FD5425-504A-46A9-993B-2F8DC9158EB8', '2021-05-12 20:25:50', '2021-05-12 20:25:50');
INSERT INTO `sysrolemenufunction` VALUES ('E18A8DAD-716D-49CD-98E6-08D8BC47A2C8', '40FF1844-C099-4061-98E0-CD6E544FCFD3', '38D864FF-F6E7-43AF-8C5C-8BBCF9FA586D', '383E7EE2-7690-46AC-9230-65155C84AA30', '2021-01-19 15:12:04', '2021-01-19 15:12:04');
INSERT INTO `sysrolemenufunction` VALUES ('E69FE992-E4A5-4AC9-F0C0-08D915410342', '18FA4771-6F58-46A3-80D2-6F0F5E9972E3', '60AE9382-31AB-4276-A379-D3876E9BB783', 'BFFEFB1C-8988-4DDF-B4AC-81C2B30E80CD', '2021-05-12 20:25:46', '2021-05-12 20:25:46');
INSERT INTO `sysrolemenufunction` VALUES ('EB2AC2A6-36AC-4EE1-F05E-08D915410342', '18FA4771-6F58-46A3-80D2-6F0F5E9972E3', '38FD48A9-4035-11EB-A2CB-4CEDFB69A3E8', 'C9518758-B2E1-4F51-B517-5282E273889C', '2021-05-12 20:25:24', '2021-05-12 20:25:24');
INSERT INTO `sysrolemenufunction` VALUES ('EC8ED1BA-61C3-4219-F060-08D915410342', '18FA4771-6F58-46A3-80D2-6F0F5E9972E3', '63A6D076-3E22-4D26-85B4-08D8B9F578EF', 'C9518758-B2E1-4F51-B517-5282E273889C', '2021-05-12 20:25:25', '2021-05-12 20:25:25');
INSERT INTO `sysrolemenufunction` VALUES ('ED97D135-4408-41CC-98E5-08D8BC47A2C8', '40FF1844-C099-4061-98E0-CD6E544FCFD3', '38D864FF-F6E7-43AF-8C5C-8BBCF9FA586D', '9C388461-2704-4C5E-A729-72C17E9018E1', '2021-01-19 15:12:04', '2021-01-19 15:12:04');
INSERT INTO `sysrolemenufunction` VALUES ('EEE9D884-A577-40D2-F06A-08D915410342', '18FA4771-6F58-46A3-80D2-6F0F5E9972E3', 'BD024F3A-99A7-4407-861C-A016F243F222', 'C9518758-B2E1-4F51-B517-5282E273889C', '2021-05-12 20:25:32', '2021-05-12 20:25:32');
INSERT INTO `sysrolemenufunction` VALUES ('F058D1C8-7633-4781-F08C-08D915410342', '18FA4771-6F58-46A3-80D2-6F0F5E9972E3', '7C34C2FD-98ED-4655-AA04-BB00B915A751', '383E7EE2-7690-46AC-9230-65155C84AA30', '2021-05-12 20:25:38', '2021-05-12 20:25:38');
INSERT INTO `sysrolemenufunction` VALUES ('F1B431B3-D7EF-44CA-7DE8-08D8BB7C529A', '40FF1844-C099-4061-98E0-CD6E544FCFD3', '60AE9382-31AB-4276-A379-D3876E9BB783', 'BFFEFB1C-8988-4DDF-B4AC-81C2B30E80CD', '2021-01-18 14:45:40', '2021-01-18 14:45:40');
INSERT INTO `sysrolemenufunction` VALUES ('F2891613-0A65-4C93-F0AA-08D915410342', '18FA4771-6F58-46A3-80D2-6F0F5E9972E3', '38D864FF-F6E7-43AF-8C5C-8BBCF9FA586D', '2401F4D0-60B0-4E2E-903F-84C603373572', '2021-05-12 20:25:42', '2021-05-12 20:25:42');
INSERT INTO `sysrolemenufunction` VALUES ('F65ADC84-D2A4-4F91-F109-08D915410342', '18FA4771-6F58-46A3-80D2-6F0F5E9972E3', 'E5D4DA6B-AAB0-4AAA-982F-43673E8152C0', '2401F4D0-60B0-4E2E-903F-84C603373572', '2021-05-12 20:25:54', '2021-05-12 20:25:54');
INSERT INTO `sysrolemenufunction` VALUES ('FA279E29-F44F-4424-F0C1-08D915410342', '18FA4771-6F58-46A3-80D2-6F0F5E9972E3', '60AE9382-31AB-4276-A379-D3876E9BB783', 'E7EF2A05-8317-41C3-B588-99519FE88BF9', '2021-05-12 20:25:46', '2021-05-12 20:25:46');
INSERT INTO `sysrolemenufunction` VALUES ('FCCCD730-D83E-47B1-F062-08D915410342', '18FA4771-6F58-46A3-80D2-6F0F5E9972E3', 'D788896B-4033-11EB-A2CB-4CEDFB69A3E8', 'C9518758-B2E1-4F51-B517-5282E273889C', '2021-05-12 20:25:26', '2021-05-12 20:25:26');
INSERT INTO `sysrolemenufunction` VALUES ('FF047BDD-04F4-4597-F0A8-08D915410342', '18FA4771-6F58-46A3-80D2-6F0F5E9972E3', '38D864FF-F6E7-43AF-8C5C-8BBCF9FA586D', '383E7EE2-7690-46AC-9230-65155C84AA30', '2021-05-12 20:25:42', '2021-05-12 20:25:42');

-- ----------------------------
-- Table structure for sysuser
-- ----------------------------
DROP TABLE IF EXISTS `sysuser`;
CREATE TABLE `sysuser`  (
  `Id` varchar(36) CHARACTER SET utf8 COLLATE utf8_general_ci NULL DEFAULT NULL,
  `Name` varchar(255) CHARACTER SET utf8 COLLATE utf8_general_ci NULL DEFAULT NULL,
  `LoginName` varchar(255) CHARACTER SET utf8 COLLATE utf8_general_ci NULL DEFAULT NULL,
  `Password` varchar(255) CHARACTER SET utf8 COLLATE utf8_general_ci NULL DEFAULT NULL,
  `Phone` varchar(255) CHARACTER SET utf8 COLLATE utf8_general_ci NULL DEFAULT NULL,
  `Email` varchar(255) CHARACTER SET utf8 COLLATE utf8_general_ci NULL DEFAULT NULL,
  `IsDelete` int(0) NULL DEFAULT NULL,
  `OrganizationId` varchar(36) CHARACTER SET utf8 COLLATE utf8_general_ci NULL DEFAULT NULL,
  `UpdateTime` timestamp(0) NULL DEFAULT NULL,
  `CreateTime` timestamp(0) NULL DEFAULT NULL
) ENGINE = InnoDB CHARACTER SET = utf8 COLLATE = utf8_general_ci ROW_FORMAT = Dynamic;

-- ----------------------------
-- Records of sysuser
-- ----------------------------
INSERT INTO `sysuser` VALUES ('0198459E-2034-4533-B843-5D227AD20740', '超级管理员', 'admin', '123456', '123123123', '1396510655@qq.com', 2, NULL, '2021-05-21 22:46:57', '2017-04-06 19:55:53');
INSERT INTO `sysuser` VALUES ('AC18F496-E93D-42F0-B59E-E321ACC85335', '用户', 'user', '123', '456456456', '18123456789@live.com', 1, NULL, '2021-04-18 22:08:12', '2017-04-06 19:55:53');

-- ----------------------------
-- Table structure for sysuserpost
-- ----------------------------
DROP TABLE IF EXISTS `sysuserpost`;
CREATE TABLE `sysuserpost`  (
  `Id` varchar(36) CHARACTER SET utf8 COLLATE utf8_general_ci NOT NULL,
  `UserId` varchar(36) CHARACTER SET utf8 COLLATE utf8_general_ci NULL DEFAULT NULL,
  `PostId` varchar(36) CHARACTER SET utf8 COLLATE utf8_general_ci NULL DEFAULT NULL,
  `UpdateTime` timestamp(0) NULL DEFAULT NULL,
  `CreateTime` timestamp(0) NULL DEFAULT NULL,
  PRIMARY KEY (`Id`) USING BTREE
) ENGINE = InnoDB CHARACTER SET = utf8 COLLATE = utf8_general_ci ROW_FORMAT = Dynamic;

-- ----------------------------
-- Records of sysuserpost
-- ----------------------------

-- ----------------------------
-- Table structure for sysuserrole
-- ----------------------------
DROP TABLE IF EXISTS `sysuserrole`;
CREATE TABLE `sysuserrole`  (
  `Id` varchar(36) CHARACTER SET utf8 COLLATE utf8_general_ci NOT NULL,
  `UserId` varchar(36) CHARACTER SET utf8 COLLATE utf8_general_ci NULL DEFAULT NULL,
  `RoleId` varchar(36) CHARACTER SET utf8 COLLATE utf8_general_ci NULL DEFAULT NULL,
  `UpdateTime` timestamp(0) NULL DEFAULT NULL,
  `CreateTime` timestamp(0) NULL DEFAULT NULL,
  PRIMARY KEY (`Id`) USING BTREE
) ENGINE = InnoDB CHARACTER SET = utf8 COLLATE = utf8_general_ci ROW_FORMAT = Dynamic;

-- ----------------------------
-- Records of sysuserrole
-- ----------------------------
INSERT INTO `sysuserrole` VALUES ('d2f40a87-de30-4ef3-baf1-f275855e2da5', '0198459e-2034-4533-b843-5d227ad20740', '18fa4771-6f58-46a3-80d2-6f0f5e9972e3', '2021-05-21 22:46:57', '2021-05-21 22:46:57');
INSERT INTO `sysuserrole` VALUES ('f6e1cbcc-122a-4c68-8a89-8fe1b17602d7', 'ac18f496-e93d-42f0-b59e-e321acc85335', '40ff1844-c099-4061-98e0-cd6e544fcfd3', '2021-05-22 11:32:32', '2021-05-22 11:32:32');

SET FOREIGN_KEY_CHECKS = 1;
